differential_level,Amplitude,Mean,Std Dev
0,64,-8.64E-10,1.35E-09
0.003921569,55.99802814,1.91E-07,1.04E-08
0.007843138,57.97746374,1.93E-07,1.02E-08
0.011764707,54.95307203,1.96E-07,9.83E-09
0.015686275,54.03699339,1.97E-07,9.31E-09
0.019607844,58.1373152,1.93E-07,8.35E-09
0.023529414,54.6420728,1.87E-07,8.61E-09
0.027450982,55.78061052,1.80E-07,7.77E-09
0.031372551,57.32547655,1.72E-07,7.63E-09
0.035294119,53.98647591,1.64E-07,7.09E-09
0.039215688,55.2200909,1.56E-07,6.95E-09
0.043137256,54.15557337,1.49E-07,6.43E-09
0.047058828,57,1.43E-07,6.18E-09
0.050980397,58.14250472,1.38E-07,5.49E-09
0.054901965,58.3463762,1.35E-07,5.70E-09
0.058823533,55.31916224,1.33E-07,5.71E-09
0.062745102,57.16850741,1.32E-07,5.27E-09
0.06666667,60.44374048,1.33E-07,5.91E-09
0.070588239,52.96521746,1.36E-07,5.38E-09
0.074509807,60,1.40E-07,5.52E-09
0.078431375,53.81466009,1.45E-07,6.14E-09
0.082352944,56.3901754,1.53E-07,6.39E-09
0.086274512,56.88011323,1.61E-07,7.66E-09
0.090196081,55.07293837,1.72E-07,7.59E-09
0.094117656,58.34024611,1.85E-07,7.27E-09
0.098039225,56.84485583,1.99E-07,8.14E-09
0.10196079,56.24713902,2.16E-07,7.91E-09
0.10588236,59.31814453,2.35E-07,9.02E-09
0.10980393,57.22517342,2.56E-07,9.11E-09
0.1137255,55.45795618,2.79E-07,9.72E-09
0.11764707,56.22641016,3.05E-07,9.99E-09
0.12156864,55.76923393,3.33E-07,1.08E-08
0.1254902,54.98513474,3.63E-07,1.22E-08
0.12941177,57.79656707,3.96E-07,1.34E-08
0.13333334,54.27812796,4.32E-07,1.37E-08
0.13725491,56.71682473,4.70E-07,1.47E-08
0.14117648,56.45241055,5.10E-07,1.64E-08
0.14509805,56.33731171,5.55E-07,1.69E-08
0.14901961,54.89083827,6.01E-07,1.67E-08
0.15294118,56.01565695,6.49E-07,1.83E-08
0.15686275,59.84715474,7.04E-07,2.01E-08
0.16078432,51.35277681,7.57E-07,2.23E-08
0.16470589,55.72755058,8.13E-07,2.25E-08
0.16862746,55.42258366,8.71E-07,2.47E-08
0.17254902,55.16977126,9.36E-07,2.61E-08
0.17647059,54.90302357,9.99E-07,2.75E-08
0.18039216,58.32047413,1.07E-06,3.03E-08
0.18431373,51.55159154,1.14E-06,3.13E-08
0.18823531,54.42445877,1.22E-06,3.09E-08
0.19215688,53.75899255,1.29E-06,3.37E-08
0.19607845,56.39213287,1.37E-06,3.67E-08
0.20000002,58.25502367,1.46E-06,3.86E-08
0.20392159,53.9442417,1.55E-06,4.22E-08
0.20784315,54.81020388,1.64E-06,4.51E-08
0.21176472,58.40417736,1.74E-06,4.61E-08
0.21568629,57.40036306,1.85E-06,4.87E-08
0.21960786,56.27057867,1.95E-06,5.42E-08
0.22352943,55.23870458,2.06E-06,5.59E-08
0.227451,54.0494267,2.19E-06,5.28E-08
0.23137257,54.66408835,2.30E-06,5.64E-08
0.23529413,53.99225862,2.43E-06,5.93E-08
0.2392157,60.12038567,2.55E-06,6.47E-08
0.24313727,54.3084451,2.67E-06,6.37E-08
0.24705884,55.81739855,2.80E-06,7.01E-08
0.25098041,52.36990545,2.93E-06,6.27E-08
0.25490198,52.9716507,3.06E-06,7.66E-08
0.25882354,57.25756008,3.18E-06,7.96E-08
0.26274511,57.97334315,3.32E-06,8.05E-08
0.26666668,55.48629946,3.44E-06,8.25E-08
0.27058825,55.55626842,3.56E-06,8.39E-08
0.27450982,54.62967367,3.69E-06,8.83E-08
0.27843139,53.52111409,3.82E-06,9.23E-08
0.28235295,56.82351975,3.94E-06,8.61E-08
0.28627452,57.31005178,4.06E-06,8.97E-08
0.29019609,55.68226271,4.17E-06,9.16E-08
0.29411766,56.99386921,4.29E-06,8.79E-08
0.29803923,56.33329439,4.40E-06,8.37E-08
0.3019608,54.04458474,4.51E-06,9.10E-08
0.30588236,56.59127861,4.61E-06,9.40E-08
0.30980393,56.14144292,4.71E-06,8.42E-08
0.3137255,56.96156552,4.81E-06,8.46E-08
0.31764707,55.28281234,4.90E-06,8.37E-08
0.32156864,56.18166826,5.00E-06,8.03E-08
0.32549021,55.71498531,5.07E-06,8.03E-08
0.32941177,55.13492684,5.14E-06,7.82E-08
0.33333334,57.26736927,5.23E-06,8.16E-08
0.33725491,54.38208332,5.29E-06,7.84E-08
0.34117648,54.24944438,5.37E-06,7.75E-08
0.34509805,52.60603953,5.44E-06,7.80E-08
0.34901962,55.59345797,5.50E-06,7.65E-08
0.35294119,57.79302224,5.57E-06,7.97E-08
0.35686275,55.95191497,5.62E-06,7.84E-08
0.36078432,56.41433906,5.66E-06,7.85E-08
0.36470589,56.38519286,5.72E-06,6.75E-08
0.36862746,57.10110259,5.77E-06,7.23E-08
0.37254903,55.29626655,5.81E-06,7.22E-08
0.37647063,58.9738397,5.85E-06,7.11E-08
0.38039219,53.74400797,5.89E-06,6.87E-08
0.38431376,61.91090698,5.93E-06,6.56E-08
0.38823533,55.40978394,5.96E-06,6.08E-08
0.3921569,59.13333949,5.99E-06,6.17E-08
0.39607847,54.98623289,6.01E-06,5.87E-08
0.40000004,55.62355722,6.03E-06,6.09E-08
0.4039216,53.73298268,6.05E-06,5.32E-08
0.40784317,55.04984627,6.09E-06,6.15E-08
0.41176474,63.20704038,6.12E-06,7.01E-08
0.41568631,69.72903867,6.13E-06,6.50E-08
0.41960788,91.61392161,6.18E-06,8.44E-08
0.42352945,83.15876146,6.16E-06,7.23E-08
0.42745101,200.1784492,6.27E-06,1.10E-07
0.43137258,77.52817296,6.16E-06,7.89E-08
0.43529415,58.782473,6.11E-06,6.75E-08
0.43921572,53.10467882,6.08E-06,5.21E-08
0.44313729,55.34053026,6.05E-06,5.16E-08
0.44705886,54.70603166,6.04E-06,5.12E-08
0.45098042,54.85139792,6.01E-06,5.49E-08
0.45490199,57.24450136,5.98E-06,5.37E-08
0.45882356,56.04549876,5.95E-06,5.79E-08
0.46274513,58.40064452,5.91E-06,5.78E-08
0.4666667,56.57464479,5.87E-06,5.45E-08
0.47058827,57.55917636,5.83E-06,5.72E-08
0.47450984,56.97246913,5.78E-06,5.66E-08
0.4784314,57.81942469,5.73E-06,5.50E-08
0.48235297,56.81606728,5.68E-06,5.83E-08
0.48627454,58.61828177,5.62E-06,5.69E-08
0.49019611,54.24204399,5.56E-06,5.80E-08
0.49411768,60.38476688,5.49E-06,5.66E-08
0.49803925,57.62118149,5.41E-06,5.39E-08
0.50196075,58.45337773,5.34E-06,5.96E-08
0.50588232,56.83283661,5.26E-06,5.70E-08
0.50980389,52.37700474,5.18E-06,5.81E-08
0.51372546,58.08533447,5.09E-06,5.58E-08
0.51764703,53.04976553,5.00E-06,5.91E-08
0.5215686,55.28477733,4.90E-06,6.14E-08
0.52549016,57.49450317,4.79E-06,5.99E-08
0.52941173,58.97591301,4.69E-06,6.46E-08
0.5333333,55.24365238,4.59E-06,6.18E-08
0.53725487,55.75111333,4.48E-06,6.44E-08
0.54117644,57.33975122,4.37E-06,5.92E-08
0.54509801,54.1450321,4.25E-06,5.75E-08
0.54901958,55.21797417,4.13E-06,5.60E-08
0.55294114,57.16785667,4.01E-06,5.98E-08
0.55686271,55.93366715,3.88E-06,5.78E-08
0.56078428,56.76419542,3.75E-06,5.48E-08
0.56470585,56.73433897,3.62E-06,5.32E-08
0.56862742,57.84656208,3.49E-06,5.43E-08
0.57254899,56.24213578,3.36E-06,5.23E-08
0.57647055,58.65719128,3.22E-06,5.14E-08
0.58039212,57.49211765,3.08E-06,5.02E-08
0.58431369,56.1828917,2.94E-06,4.73E-08
0.58823526,56.77316793,2.80E-06,4.66E-08
0.59215683,57.72976019,2.67E-06,4.42E-08
0.5960784,56.33893119,2.52E-06,4.38E-08
0.59999996,59.26197011,2.38E-06,4.03E-08
0.60392153,55.82479311,2.24E-06,3.92E-08
0.6078431,53.61639589,2.10E-06,3.51E-08
0.61176467,55.14213622,1.95E-06,3.26E-08
0.61568624,55.0715031,1.81E-06,3.10E-08
0.61960781,58.69501266,1.67E-06,2.82E-08
0.62352937,57.44566432,1.53E-06,2.71E-08
0.62745094,56.47164393,1.40E-06,2.55E-08
0.63137257,59.9468676,1.26E-06,2.33E-08
0.63529408,60.96721122,1.13E-06,2.15E-08
0.63921571,63.60368259,1.01E-06,1.98E-08
0.64313722,69.88089147,8.88E-07,1.74E-08
0.64705884,74.7440479,7.72E-07,1.49E-08
0.65098035,77.86310676,6.63E-07,1.37E-08
0.65490198,77.6140392,5.61E-07,1.24E-08
0.65882349,83.79703167,4.67E-07,1.05E-08
0.66274512,88.10582676,3.80E-07,9.20E-09
0.66666663,99.65879604,3.04E-07,6.40E-09
0.67058825,98.03832462,2.35E-07,6.55E-09
0.67450976,106.4771231,1.77E-07,5.96E-09
0.67843139,59.34553541,1.27E-07,9.91E-09
0.6823529,51.59877316,8.78E-08,8.41E-09
0.68627453,75.03850107,6.32E-08,4.64E-09
0.69019604,141,3.67E-08,4.95E-09
0.69411767,156,2.08E-08,3.18E-09
0.69803917,138,1.03E-08,1.78E-09
0.7019608,92,3.77E-09,8.00E-10
0.70588231,77,-6.03E-11,2.53E-10
0.70980394,53.83140012,-9.66E-09,1.21E-08
0.71372545,64.00000006,-6.15E-09,1.01E-08
0.71764708,77.00000005,-6.86E-09,7.04E-09
0.72156858,71.00000009,-7.94E-09,1.12E-08
0.72549021,64,-2.23E-10,2.37E-10
0.72941172,71.00000012,-7.06E-09,9.31E-09
0.73333335,73.99999992,-8.53E-09,1.16E-08
0.73725486,58.00000012,-4.33E-09,9.64E-09
0.74117649,74,-7.35E-09,8.89E-09
0.74509799,66.99999996,-6.22E-09,9.16E-09
0.74901962,62.00000005,-6.13E-09,1.12E-08
0.75294113,70.00000019,-6.90E-09,9.46E-09
0.75686276,65,-1.69E-10,2.33E-10
0.76078427,64.00000018,-5.99E-09,9.97E-09
0.7647059,72.00000012,-6.79E-09,8.48E-09
0.76862741,65.00000008,-6.54E-09,1.07E-08
0.77254903,73.00000017,-6.73E-09,8.13E-09
0.77647054,58,-5.04E-09,1.10E-08
0.78039217,63.00000004,-7.11E-09,1.28E-08
0.78431368,70.00000006,-7.49E-09,1.06E-08
0.78823531,69.00000006,-6.92E-09,9.87E-09
0.79215682,64.00000007,-6.41E-09,1.09E-08
0.79607844,59.00000007,-4.98E-09,1.04E-08
0.79999995,75.00000007,-8.30E-09,1.06E-08
0.80392158,71.99999995,-5.71E-09,6.68E-09
0.80784309,69.99999998,-6.92E-09,9.49E-09
0.81176472,61.99999985,-4.64E-09,8.49E-09
0.81568629,61.99999948,-4.75E-09,8.63E-09
0.81960785,77.0000001,-8.52E-09,1.04E-08
0.82352942,64.00000005,-5.79E-09,9.58E-09
0.82745099,78.00000007,-7.57E-09,8.19E-09
0.83137256,60.99999985,-5.55E-09,1.05E-08
0.83529413,64,-1.69E-10,2.34E-10
0.8392157,67.00000001,-7.51E-09,1.19E-08
0.84313726,62,-1.77E-10,2.27E-10
0.84705883,71.99999998,-8.04E-09,1.12E-08
0.8509804,78.00000018,-7.57E-09,8.19E-09
0.85490197,70.00000003,-6.32E-09,8.33E-09
0.85882354,76.99999986,-7.25E-09,7.81E-09
0.86274511,60,-1.74E-10,2.33E-10
0.86666667,59.99999988,-5.44E-09,1.08E-08
0.87058824,61.99999998,-6.74E-09,1.26E-08
0.87450981,64.9999998,-5.66E-09,8.95E-09
0.87843138,75.99999997,-6.95E-09,7.56E-09
0.88235295,59,-1.69E-10,2.31E-10
0.88627452,63.99999986,-5.20E-09,8.63E-09
0.89019608,67.99999992,-6.63E-09,9.69E-09
0.89411765,68.99999994,-6.57E-09,9.14E-09
0.89803922,77.99999985,-7.68E-09,8.33E-09
0.90196079,57.99999985,-5.92E-09,1.28E-08
0.90588236,70.99999992,-6.72E-09,8.78E-09
0.90980393,65.99999999,-6.58E-09,1.04E-08
0.9137255,73.00000005,-7.66E-09,9.89E-09
0.91764706,59.99999988,-6.82E-09,1.38E-08
0.92156863,63,-1.64E-10,2.34E-10
0.9254902,75.00000026,-7.81E-09,9.63E-09
0.92941177,65.99999996,-6.82E-09,1.09E-08
0.93333334,61.00000003,-6.05E-09,1.15E-08
0.93725491,70.00000005,-7.07E-09,9.76E-09
0.94117647,63.00000018,-5.16E-09,8.88E-09
0.94509804,82.00000005,-8.40E-09,8.72E-09
0.94901961,63.99999996,-5.64E-09,9.39E-09
0.95294118,69.00000008,-6.70E-09,9.39E-09
0.95686275,74.99999997,-8.15E-09,1.03E-08
0.96078432,54.10086272,-8.21E-09,1.00E-08
0.96470588,68.00000014,-6.90E-09,1.02E-08
0.96862745,58.00000003,-4.69E-09,1.03E-08
0.97254902,73.00000006,-6.64E-09,7.92E-09
0.97647059,77.00000003,-8.28E-09,9.94E-09
0.98039216,63.99999985,-5.64E-09,9.36E-09
0.98431373,67.9999999,-7.23E-09,1.10E-08
0.98823529,60.99999996,-5.38E-09,1.02E-08
0.99215686,68.99999999,-7.53E-09,1.11E-08
0.99607843,71.99999995,-6.41E-09,7.83E-09
1,70.00000014,-6.82E-09,9.31E-09
